# UPDATE a SET


C:\Bitnami\wampstack-8.0.0-1\mysql\bin>mysql -uroot -p
Enter password: ******
Welcome to the MySQL monitor.  Commands end with ; or \g.
Your MySQL connection id is 13
Server version: 8.0.22 MySQL Community Server - GPL

Copyright (c) 2000, 2020, Oracle and/or its affiliates. All rights reserved.

Oracle is a registered trademark of Oracle Corporation and/or its
affiliates. Other names may be trademarks of their respective
owners.

Type 'help;' or '\h' for help. Type '\c' to clear the current input statement.

mysql> show databases;
+--------------------+
| Database           |
+--------------------+
| information_schema |
| mysql              |
| opentutorials      |
| performance_schema |
| sys                |
+--------------------+
5 rows in set (0.00 sec)

mysql> use opentutorials;
Database changed
mysql>
mysql> show tables;
+-------------------------+
| Tables_in_opentutorials |
+-------------------------+
| topic                   |
+-------------------------+
1 row in set (0.00 sec)

mysql> DESC topic;
+-------------+--------------+------+-----+---------+----------------+
| Field       | Type         | Null | Key | Default | Extra          |
+-------------+--------------+------+-----+---------+----------------+
| id          | int          | NO   | PRI | NULL    | auto_increment |
| title       | varchar(100) | NO   |     | NULL    |                |
| description | text         | YES  |     | NULL    |                |
| created     | datetime     | NO   |     | NULL    |                |
| author      | varchar(30)  | YES  |     | NULL    |                |
| profile     | varchar(100) | YES  |     | NULL    |                |
+-------------+--------------+------+-----+---------+----------------+
6 rows in set (0.00 sec)

mysql> select * from topic;
+----+------------+--------------------+---------------------+--------+---------------------------+
| id | title      | description        | created             | author | profile                   |
+----+------------+--------------------+---------------------+--------+---------------------------+
|  1 | MySQL      | MySQL is ...       | 2021-01-03 20:05:36 | egoing | developer                 |
|  2 | ORACLE     | ORACLE is ...      | 2021-01-03 20:08:40 | egoing | developer                 |
|  3 | SQL Server | SQL Server is ...  | 2021-01-03 20:10:30 | duru   | database administrator    |
|  4 | PostgreSQL | Postgre SQL is ... | 2021-01-03 20:11:25 | taeho  | data scientist, developer |
|  5 | MongoDB    | MongoDB is ...     | 2021-01-03 20:11:59 | egoing | developer                 |
+----+------------+--------------------+---------------------+--------+---------------------------+
5 rows in set (0.00 sec)

mysql> UPDATE topic SET description='Oracle is ...', title='Oracle' WHERE id=2;
Query OK, 1 row affected (0.01 sec)
Rows matched: 1  Changed: 1  Warnings: 0

mysql> SELECT * FROM topic;
+----+------------+--------------------+---------------------+--------+---------------------------+
| id | title      | description        | created             | author | profile                   |
+----+------------+--------------------+---------------------+--------+---------------------------+
|  1 | MySQL      | MySQL is ...       | 2021-01-03 20:05:36 | egoing | developer                 |
|  2 | Oracle     | Oracle is ...      | 2021-01-03 20:08:40 | egoing | developer                 |
|  3 | SQL Server | SQL Server is ...  | 2021-01-03 20:10:30 | duru   | database administrator    |
|  4 | PostgreSQL | Postgre SQL is ... | 2021-01-03 20:11:25 | taeho  | data scientist, developer |
|  5 | MongoDB    | MongoDB is ...     | 2021-01-03 20:11:59 | egoing | developer                 |
+----+------------+--------------------+---------------------+--------+---------------------------+
5 rows in set (0.00 sec)

mysql>